downloaded_date,state,year,url,raw_path,http_status,n_rows_total,n_rows_total_private_state_agg,annual_avg_estabs,annual_avg_emplvl
2026-05-06,AK,2017,https://data.bls.gov/cew/data/api/2017/a/area/02000.csv,data/bls_qcew/raw/qcew_AK_2017.csv,200,2070,1,19803.0,246852.0
2026-05-06,AK,2018,https://data.bls.gov/cew/data/api/2018/a/area/02000.csv,data/bls_qcew/raw/qcew_AK_2018.csv,200,2077,1,19889.0,246319.0
2026-05-06,AK,2019,https://data.bls.gov/cew/data/api/2019/a/area/02000.csv,data/bls_qcew/raw/qcew_AK_2019.csv,200,2073,1,20162.0,249300.0
2026-05-06,AK,2020,https://data.bls.gov/cew/data/api/2020/a/area/02000.csv,data/bls_qcew/raw/qcew_AK_2020.csv,200,2068,1,20586.0,225077.0
2026-05-06,AK,2021,https://data.bls.gov/cew/data/api/2021/a/area/02000.csv,data/bls_qcew/raw/qcew_AK_2021.csv,200,2064,1,21446.0,232510.0
2026-05-06,AK,2022,https://data.bls.gov/cew/data/api/2022/a/area/02000.csv,data/bls_qcew/raw/qcew_AK_2022.csv,200,2031,1,22327.0,241031.0
2026-05-06,AK,2023,https://data.bls.gov/cew/data/api/2023/a/area/02000.csv,data/bls_qcew/raw/qcew_AK_2023.csv,200,2047,1,23098.0,248671.0
2026-05-06,AK,2024,https://data.bls.gov/cew/data/api/2024/a/area/02000.csv,data/bls_qcew/raw/qcew_AK_2024.csv,200,2052,1,23333.0,253788.0
2026-05-06,AL,2017,https://data.bls.gov/cew/data/api/2017/a/area/01000.csv,data/bls_qcew/raw/qcew_AL_2017.csv,200,2848,1,118573.0,1574772.0
2026-05-06,AL,2018,https://data.bls.gov/cew/data/api/2018/a/area/01000.csv,data/bls_qcew/raw/qcew_AL_2018.csv,200,2870,1,120979.0,1598129.0
2026-05-06,AL,2019,https://data.bls.gov/cew/data/api/2019/a/area/01000.csv,data/bls_qcew/raw/qcew_AL_2019.csv,200,2871,1,123160.0,1622460.0
2026-05-06,AL,2020,https://data.bls.gov/cew/data/api/2020/a/area/01000.csv,data/bls_qcew/raw/qcew_AL_2020.csv,200,2873,1,125809.0,1547125.0
2026-05-06,AL,2021,https://data.bls.gov/cew/data/api/2021/a/area/01000.csv,data/bls_qcew/raw/qcew_AL_2021.csv,200,2886,1,133320.0,1602985.0
2026-05-06,AL,2022,https://data.bls.gov/cew/data/api/2022/a/area/01000.csv,data/bls_qcew/raw/qcew_AL_2022.csv,200,2837,1,142581.0,1660156.0
2026-05-06,AL,2023,https://data.bls.gov/cew/data/api/2023/a/area/01000.csv,data/bls_qcew/raw/qcew_AL_2023.csv,200,2836,1,150014.0,1700160.0
2026-05-06,AL,2024,https://data.bls.gov/cew/data/api/2024/a/area/01000.csv,data/bls_qcew/raw/qcew_AL_2024.csv,200,2837,1,154400.0,1717475.0
2026-05-06,AR,2017,https://data.bls.gov/cew/data/api/2017/a/area/05000.csv,data/bls_qcew/raw/qcew_AR_2017.csv,200,2650,1,85102.0,1004075.0
2026-05-06,AR,2018,https://data.bls.gov/cew/data/api/2018/a/area/05000.csv,data/bls_qcew/raw/qcew_AR_2018.csv,200,2623,1,86265.0,1014114.0
2026-05-06,AR,2019,https://data.bls.gov/cew/data/api/2019/a/area/05000.csv,data/bls_qcew/raw/qcew_AR_2019.csv,200,2637,1,87680.0,1022053.0
2026-05-06,AR,2020,https://data.bls.gov/cew/data/api/2020/a/area/05000.csv,data/bls_qcew/raw/qcew_AR_2020.csv,200,2634,1,89149.0,982047.0
2026-05-06,AR,2021,https://data.bls.gov/cew/data/api/2021/a/area/05000.csv,data/bls_qcew/raw/qcew_AR_2021.csv,200,2654,1,91571.0,1012377.0
2026-05-06,AR,2022,https://data.bls.gov/cew/data/api/2022/a/area/05000.csv,data/bls_qcew/raw/qcew_AR_2022.csv,200,2607,1,94817.0,1056644.0
2026-05-06,AR,2023,https://data.bls.gov/cew/data/api/2023/a/area/05000.csv,data/bls_qcew/raw/qcew_AR_2023.csv,200,2621,1,98261.0,1082358.0
2026-05-06,AR,2024,https://data.bls.gov/cew/data/api/2024/a/area/05000.csv,data/bls_qcew/raw/qcew_AR_2024.csv,200,2633,1,99464.0,1097701.0
2026-05-06,AZ,2017,https://data.bls.gov/cew/data/api/2017/a/area/04000.csv,data/bls_qcew/raw/qcew_AZ_2017.csv,200,2888,1,154868.0,2360211.0
2026-05-06,AZ,2018,https://data.bls.gov/cew/data/api/2018/a/area/04000.csv,data/bls_qcew/raw/qcew_AZ_2018.csv,200,2894,1,156748.0,2436592.0
2026-05-06,AZ,2019,https://data.bls.gov/cew/data/api/2019/a/area/04000.csv,data/bls_qcew/raw/qcew_AZ_2019.csv,200,2910,1,162113.0,2513038.0
2026-05-06,AZ,2020,https://data.bls.gov/cew/data/api/2020/a/area/04000.csv,data/bls_qcew/raw/qcew_AZ_2020.csv,200,2901,1,167158.0,2436814.0
2026-05-06,AZ,2021,https://data.bls.gov/cew/data/api/2021/a/area/04000.csv,data/bls_qcew/raw/qcew_AZ_2021.csv,200,2933,1,181475.0,2553627.0
2026-05-06,AZ,2022,https://data.bls.gov/cew/data/api/2022/a/area/04000.csv,data/bls_qcew/raw/qcew_AZ_2022.csv,200,2898,1,203253.0,2689673.0
2026-05-06,AZ,2023,https://data.bls.gov/cew/data/api/2023/a/area/04000.csv,data/bls_qcew/raw/qcew_AZ_2023.csv,200,2915,1,217884.0,2765676.0
2026-05-06,AZ,2024,https://data.bls.gov/cew/data/api/2024/a/area/04000.csv,data/bls_qcew/raw/qcew_AZ_2024.csv,200,2928,1,222682.0,2814912.0
2026-05-06,CA,2017,https://data.bls.gov/cew/data/api/2017/a/area/06000.csv,data/bls_qcew/raw/qcew_CA_2017.csv,200,3212,1,1479872.0,14558652.0
2026-05-06,CA,2018,https://data.bls.gov/cew/data/api/2018/a/area/06000.csv,data/bls_qcew/raw/qcew_CA_2018.csv,200,3221,1,1517847.0,14876010.0
2026-05-06,CA,2019,https://data.bls.gov/cew/data/api/2019/a/area/06000.csv,data/bls_qcew/raw/qcew_CA_2019.csv,200,3211,1,1553101.0,15127578.0
2026-05-06,CA,2020,https://data.bls.gov/cew/data/api/2020/a/area/06000.csv,data/bls_qcew/raw/qcew_CA_2020.csv,200,3199,1,1585267.0,13966715.0
2026-05-06,CA,2021,https://data.bls.gov/cew/data/api/2021/a/area/06000.csv,data/bls_qcew/raw/qcew_CA_2021.csv,200,3206,1,1620760.0,14575306.0
2026-05-06,CA,2022,https://data.bls.gov/cew/data/api/2022/a/area/06000.csv,data/bls_qcew/raw/qcew_CA_2022.csv,200,3183,1,1670259.0,15438555.0
2026-05-06,CA,2023,https://data.bls.gov/cew/data/api/2023/a/area/06000.csv,data/bls_qcew/raw/qcew_CA_2023.csv,200,3208,1,1714686.0,15459871.0
2026-05-06,CA,2024,https://data.bls.gov/cew/data/api/2024/a/area/06000.csv,data/bls_qcew/raw/qcew_CA_2024.csv,200,3213,1,1812802.0,15546764.0
2026-05-06,CO,2017,https://data.bls.gov/cew/data/api/2017/a/area/08000.csv,data/bls_qcew/raw/qcew_CO_2017.csv,200,2675,1,195337.0,2197742.0
2026-05-06,CO,2018,https://data.bls.gov/cew/data/api/2018/a/area/08000.csv,data/bls_qcew/raw/qcew_CO_2018.csv,200,2675,1,201763.0,2255703.0
2026-05-06,CO,2019,https://data.bls.gov/cew/data/api/2019/a/area/08000.csv,data/bls_qcew/raw/qcew_CO_2019.csv,200,2673,1,207575.0,2308134.0
2026-05-06,CO,2020,https://data.bls.gov/cew/data/api/2020/a/area/08000.csv,data/bls_qcew/raw/qcew_CO_2020.csv,200,2679,1,215069.0,2182001.0
2026-05-06,CO,2021,https://data.bls.gov/cew/data/api/2021/a/area/08000.csv,data/bls_qcew/raw/qcew_CO_2021.csv,200,2666,1,226013.0,2278967.0
2026-05-06,CO,2022,https://data.bls.gov/cew/data/api/2022/a/area/08000.csv,data/bls_qcew/raw/qcew_CO_2022.csv,200,2610,1,241934.0,2384337.0
2026-05-06,CO,2023,https://data.bls.gov/cew/data/api/2023/a/area/08000.csv,data/bls_qcew/raw/qcew_CO_2023.csv,200,2628,1,254977.0,2432875.0
2026-05-06,CO,2024,https://data.bls.gov/cew/data/api/2024/a/area/08000.csv,data/bls_qcew/raw/qcew_CO_2024.csv,200,2617,1,246252.0,2436000.0
2026-05-06,CT,2017,https://data.bls.gov/cew/data/api/2017/a/area/09000.csv,data/bls_qcew/raw/qcew_CT_2017.csv,200,2539,1,115224.0,1442388.0
2026-05-06,CT,2018,https://data.bls.gov/cew/data/api/2018/a/area/09000.csv,data/bls_qcew/raw/qcew_CT_2018.csv,200,2527,1,117513.0,1449072.0
2026-05-06,CT,2019,https://data.bls.gov/cew/data/api/2019/a/area/09000.csv,data/bls_qcew/raw/qcew_CT_2019.csv,200,2513,1,119643.0,1445817.0
2026-05-06,CT,2020,https://data.bls.gov/cew/data/api/2020/a/area/09000.csv,data/bls_qcew/raw/qcew_CT_2020.csv,200,2515,1,121578.0,1332441.0
2026-05-06,CT,2021,https://data.bls.gov/cew/data/api/2021/a/area/09000.csv,data/bls_qcew/raw/qcew_CT_2021.csv,200,2523,1,127723.0,1378867.0
2026-05-06,CT,2022,https://data.bls.gov/cew/data/api/2022/a/area/09000.csv,data/bls_qcew/raw/qcew_CT_2022.csv,200,2472,1,136171.0,1426728.0
2026-05-06,CT,2023,https://data.bls.gov/cew/data/api/2023/a/area/09000.csv,data/bls_qcew/raw/qcew_CT_2023.csv,200,2496,1,143973.0,1448352.0
2026-05-06,CT,2024,https://data.bls.gov/cew/data/api/2024/a/area/09000.csv,data/bls_qcew/raw/qcew_CT_2024.csv,200,2482,1,145501.0,1459801.0
2026-05-06,DC,2017,https://data.bls.gov/cew/data/api/2017/a/area/11000.csv,data/bls_qcew/raw/qcew_DC_2017.csv,200,1671,1,39565.0,524773.0
2026-05-06,DC,2018,https://data.bls.gov/cew/data/api/2018/a/area/11000.csv,data/bls_qcew/raw/qcew_DC_2018.csv,200,1659,1,39325.0,534661.0
2026-05-06,DC,2019,https://data.bls.gov/cew/data/api/2019/a/area/11000.csv,data/bls_qcew/raw/qcew_DC_2019.csv,200,1661,1,40332.0,539540.0
2026-05-06,DC,2020,https://data.bls.gov/cew/data/api/2020/a/area/11000.csv,data/bls_qcew/raw/qcew_DC_2020.csv,200,1694,1,42139.0,487302.0
2026-05-06,DC,2021,https://data.bls.gov/cew/data/api/2021/a/area/11000.csv,data/bls_qcew/raw/qcew_DC_2021.csv,200,1703,1,43992.0,485599.0
2026-05-06,DC,2022,https://data.bls.gov/cew/data/api/2022/a/area/11000.csv,data/bls_qcew/raw/qcew_DC_2022.csv,200,1659,1,48172.0,514487.0
2026-05-06,DC,2023,https://data.bls.gov/cew/data/api/2023/a/area/11000.csv,data/bls_qcew/raw/qcew_DC_2023.csv,200,1660,1,51124.0,525559.0
2026-05-06,DC,2024,https://data.bls.gov/cew/data/api/2024/a/area/11000.csv,data/bls_qcew/raw/qcew_DC_2024.csv,200,1644,1,51860.0,524284.0
2026-05-06,DE,2017,https://data.bls.gov/cew/data/api/2017/a/area/10000.csv,data/bls_qcew/raw/qcew_DE_2017.csv,200,2136,1,31370.0,379223.0
2026-05-06,DE,2018,https://data.bls.gov/cew/data/api/2018/a/area/10000.csv,data/bls_qcew/raw/qcew_DE_2018.csv,200,2128,1,32559.0,384332.0
2026-05-06,DE,2019,https://data.bls.gov/cew/data/api/2019/a/area/10000.csv,data/bls_qcew/raw/qcew_DE_2019.csv,200,2116,1,33827.0,389170.0
2026-05-06,DE,2020,https://data.bls.gov/cew/data/api/2020/a/area/10000.csv,data/bls_qcew/raw/qcew_DE_2020.csv,200,2140,1,34647.0,364179.0
2026-05-06,DE,2021,https://data.bls.gov/cew/data/api/2021/a/area/10000.csv,data/bls_qcew/raw/qcew_DE_2021.csv,200,2148,1,36097.0,375307.0
2026-05-06,DE,2022,https://data.bls.gov/cew/data/api/2022/a/area/10000.csv,data/bls_qcew/raw/qcew_DE_2022.csv,200,2126,1,40175.0,392082.0
2026-05-06,DE,2023,https://data.bls.gov/cew/data/api/2023/a/area/10000.csv,data/bls_qcew/raw/qcew_DE_2023.csv,200,2153,1,42927.0,404157.0
2026-05-06,DE,2024,https://data.bls.gov/cew/data/api/2024/a/area/10000.csv,data/bls_qcew/raw/qcew_DE_2024.csv,200,2121,1,45178.0,409731.0
2026-05-06,FL,2017,https://data.bls.gov/cew/data/api/2017/a/area/12000.csv,data/bls_qcew/raw/qcew_FL_2017.csv,200,2936,1,667411.0,7437388.0
2026-05-06,FL,2018,https://data.bls.gov/cew/data/api/2018/a/area/12000.csv,data/bls_qcew/raw/qcew_FL_2018.csv,200,2931,1,684528.0,7635037.0
2026-05-06,FL,2019,https://data.bls.gov/cew/data/api/2019/a/area/12000.csv,data/bls_qcew/raw/qcew_FL_2019.csv,200,2939,1,711804.0,7808474.0
2026-05-06,FL,2020,https://data.bls.gov/cew/data/api/2020/a/area/12000.csv,data/bls_qcew/raw/qcew_FL_2020.csv,200,2946,1,740522.0,7389890.0
2026-05-06,FL,2021,https://data.bls.gov/cew/data/api/2021/a/area/12000.csv,data/bls_qcew/raw/qcew_FL_2021.csv,200,2984,1,792325.0,7811760.0
2026-05-06,FL,2022,https://data.bls.gov/cew/data/api/2022/a/area/12000.csv,data/bls_qcew/raw/qcew_FL_2022.csv,200,2935,1,845932.0,8308654.0
2026-05-06,FL,2023,https://data.bls.gov/cew/data/api/2023/a/area/12000.csv,data/bls_qcew/raw/qcew_FL_2023.csv,200,2931,1,873215.0,8599846.0
2026-05-06,FL,2024,https://data.bls.gov/cew/data/api/2024/a/area/12000.csv,data/bls_qcew/raw/qcew_FL_2024.csv,200,2954,1,876034.0,8729175.0
2026-05-06,GA,2017,https://data.bls.gov/cew/data/api/2017/a/area/13000.csv,data/bls_qcew/raw/qcew_GA_2017.csv,200,2749,1,265558.0,3699460.0
2026-05-06,GA,2018,https://data.bls.gov/cew/data/api/2018/a/area/13000.csv,data/bls_qcew/raw/qcew_GA_2018.csv,200,2755,1,270541.0,3777824.0
2026-05-06,GA,2019,https://data.bls.gov/cew/data/api/2019/a/area/13000.csv,data/bls_qcew/raw/qcew_GA_2019.csv,200,2757,1,280279.0,3859728.0
2026-05-06,GA,2020,https://data.bls.gov/cew/data/api/2020/a/area/13000.csv,data/bls_qcew/raw/qcew_GA_2020.csv,200,2749,1,301221.0,3663623.0
2026-05-06,GA,2021,https://data.bls.gov/cew/data/api/2021/a/area/13000.csv,data/bls_qcew/raw/qcew_GA_2021.csv,200,2755,1,328364.0,3838969.0
2026-05-06,GA,2022,https://data.bls.gov/cew/data/api/2022/a/area/13000.csv,data/bls_qcew/raw/qcew_GA_2022.csv,200,2692,1,370748.0,4062791.0
2026-05-06,GA,2023,https://data.bls.gov/cew/data/api/2023/a/area/13000.csv,data/bls_qcew/raw/qcew_GA_2023.csv,200,2694,1,378556.0,4147694.0
2026-05-06,GA,2024,https://data.bls.gov/cew/data/api/2024/a/area/13000.csv,data/bls_qcew/raw/qcew_GA_2024.csv,200,2741,1,383400.0,4183693.0
2026-05-06,HI,2017,https://data.bls.gov/cew/data/api/2017/a/area/15000.csv,data/bls_qcew/raw/qcew_HI_2017.csv,200,2157,1,39172.0,531863.0
2026-05-06,HI,2018,https://data.bls.gov/cew/data/api/2018/a/area/15000.csv,data/bls_qcew/raw/qcew_HI_2018.csv,200,2167,1,40274.0,536370.0
2026-05-06,HI,2019,https://data.bls.gov/cew/data/api/2019/a/area/15000.csv,data/bls_qcew/raw/qcew_HI_2019.csv,200,2171,1,42128.0,536507.0
2026-05-06,HI,2020,https://data.bls.gov/cew/data/api/2020/a/area/15000.csv,data/bls_qcew/raw/qcew_HI_2020.csv,200,2164,1,43885.0,442656.0
2026-05-06,HI,2021,https://data.bls.gov/cew/data/api/2021/a/area/15000.csv,data/bls_qcew/raw/qcew_HI_2021.csv,200,2178,1,46101.0,470907.0
2026-05-06,HI,2022,https://data.bls.gov/cew/data/api/2022/a/area/15000.csv,data/bls_qcew/raw/qcew_HI_2022.csv,200,2132,1,50348.0,501744.0
2026-05-06,HI,2023,https://data.bls.gov/cew/data/api/2023/a/area/15000.csv,data/bls_qcew/raw/qcew_HI_2023.csv,200,2138,1,54727.0,513450.0
2026-05-06,HI,2024,https://data.bls.gov/cew/data/api/2024/a/area/15000.csv,data/bls_qcew/raw/qcew_HI_2024.csv,200,2153,1,57568.0,516956.0
2026-05-06,IA,2017,https://data.bls.gov/cew/data/api/2017/a/area/19000.csv,data/bls_qcew/raw/qcew_IA_2017.csv,200,2592,1,95401.0,1301192.0
2026-05-06,IA,2018,https://data.bls.gov/cew/data/api/2018/a/area/19000.csv,data/bls_qcew/raw/qcew_IA_2018.csv,200,2590,1,96660.0,1309819.0
2026-05-06,IA,2019,https://data.bls.gov/cew/data/api/2019/a/area/19000.csv,data/bls_qcew/raw/qcew_IA_2019.csv,200,2593,1,97987.0,1312038.0
2026-05-06,IA,2020,https://data.bls.gov/cew/data/api/2020/a/area/19000.csv,data/bls_qcew/raw/qcew_IA_2020.csv,200,2584,1,98782.0,1242572.0
2026-05-06,IA,2021,https://data.bls.gov/cew/data/api/2021/a/area/19000.csv,data/bls_qcew/raw/qcew_IA_2021.csv,200,2599,1,100418.0,1269438.0
2026-05-06,IA,2022,https://data.bls.gov/cew/data/api/2022/a/area/19000.csv,data/bls_qcew/raw/qcew_IA_2022.csv,200,2547,1,104388.0,1297333.0
2026-05-06,IA,2023,https://data.bls.gov/cew/data/api/2023/a/area/19000.csv,data/bls_qcew/raw/qcew_IA_2023.csv,200,2556,1,104709.0,1312629.0
2026-05-06,IA,2024,https://data.bls.gov/cew/data/api/2024/a/area/19000.csv,data/bls_qcew/raw/qcew_IA_2024.csv,200,2540,1,105436.0,1315014.0
2026-05-06,ID,2017,https://data.bls.gov/cew/data/api/2017/a/area/16000.csv,data/bls_qcew/raw/qcew_ID_2017.csv,200,2589,1,58421.0,589307.0
2026-05-06,ID,2018,https://data.bls.gov/cew/data/api/2018/a/area/16000.csv,data/bls_qcew/raw/qcew_ID_2018.csv,200,2584,1,60875.0,611396.0
2026-05-06,ID,2019,https://data.bls.gov/cew/data/api/2019/a/area/16000.csv,data/bls_qcew/raw/qcew_ID_2019.csv,200,2575,1,60643.0,631444.0
2026-05-06,ID,2020,https://data.bls.gov/cew/data/api/2020/a/area/16000.csv,data/bls_qcew/raw/qcew_ID_2020.csv,200,2570,1,66608.0,629623.0
2026-05-06,ID,2021,https://data.bls.gov/cew/data/api/2021/a/area/16000.csv,data/bls_qcew/raw/qcew_ID_2021.csv,200,2584,1,75772.0,670723.0
2026-05-06,ID,2022,https://data.bls.gov/cew/data/api/2022/a/area/16000.csv,data/bls_qcew/raw/qcew_ID_2022.csv,200,2550,1,84171.0,699084.0
2026-05-06,ID,2023,https://data.bls.gov/cew/data/api/2023/a/area/16000.csv,data/bls_qcew/raw/qcew_ID_2023.csv,200,2571,1,90972.0,717715.0
2026-05-06,ID,2024,https://data.bls.gov/cew/data/api/2024/a/area/16000.csv,data/bls_qcew/raw/qcew_ID_2024.csv,200,2576,1,99957.0,734589.0
2026-05-06,IL,2017,https://data.bls.gov/cew/data/api/2017/a/area/17000.csv,data/bls_qcew/raw/qcew_IL_2017.csv,200,2804,1,353360.0,5153355.0
2026-05-06,IL,2018,https://data.bls.gov/cew/data/api/2018/a/area/17000.csv,data/bls_qcew/raw/qcew_IL_2018.csv,200,2797,1,358529.0,5193821.0
2026-05-06,IL,2019,https://data.bls.gov/cew/data/api/2019/a/area/17000.csv,data/bls_qcew/raw/qcew_IL_2019.csv,200,2792,1,365816.0,5211856.0
2026-05-06,IL,2020,https://data.bls.gov/cew/data/api/2020/a/area/17000.csv,data/bls_qcew/raw/qcew_IL_2020.csv,200,2793,1,368119.0,4822542.0
2026-05-06,IL,2021,https://data.bls.gov/cew/data/api/2021/a/area/17000.csv,data/bls_qcew/raw/qcew_IL_2021.csv,200,2790,1,378265.0,4948150.0
2026-05-06,IL,2022,https://data.bls.gov/cew/data/api/2022/a/area/17000.csv,data/bls_qcew/raw/qcew_IL_2022.csv,200,2726,1,387675.0,5161095.0
2026-05-06,IL,2023,https://data.bls.gov/cew/data/api/2023/a/area/17000.csv,data/bls_qcew/raw/qcew_IL_2023.csv,200,2737,1,390497.0,5235077.0
2026-05-06,IL,2024,https://data.bls.gov/cew/data/api/2024/a/area/17000.csv,data/bls_qcew/raw/qcew_IL_2024.csv,200,2735,1,387954.0,5236228.0
2026-05-06,IN,2017,https://data.bls.gov/cew/data/api/2017/a/area/18000.csv,data/bls_qcew/raw/qcew_IN_2017.csv,200,2611,1,159129.0,2627391.0
2026-05-06,IN,2018,https://data.bls.gov/cew/data/api/2018/a/area/18000.csv,data/bls_qcew/raw/qcew_IN_2018.csv,200,2616,1,162027.0,2659130.0
2026-05-06,IN,2019,https://data.bls.gov/cew/data/api/2019/a/area/18000.csv,data/bls_qcew/raw/qcew_IN_2019.csv,200,2628,1,163270.0,2685388.0
2026-05-06,IN,2020,https://data.bls.gov/cew/data/api/2020/a/area/18000.csv,data/bls_qcew/raw/qcew_IN_2020.csv,200,2646,1,166967.0,2535558.0
2026-05-06,IN,2021,https://data.bls.gov/cew/data/api/2021/a/area/18000.csv,data/bls_qcew/raw/qcew_IN_2021.csv,200,2662,1,173054.0,2631157.0
2026-05-06,IN,2022,https://data.bls.gov/cew/data/api/2022/a/area/18000.csv,data/bls_qcew/raw/qcew_IN_2022.csv,200,2616,1,180517.0,2733492.0
2026-05-06,IN,2023,https://data.bls.gov/cew/data/api/2023/a/area/18000.csv,data/bls_qcew/raw/qcew_IN_2023.csv,200,2602,1,184108.0,2767985.0
2026-05-06,IN,2024,https://data.bls.gov/cew/data/api/2024/a/area/18000.csv,data/bls_qcew/raw/qcew_IN_2024.csv,200,2609,1,186716.0,2780349.0
2026-05-06,KS,2017,https://data.bls.gov/cew/data/api/2017/a/area/20000.csv,data/bls_qcew/raw/qcew_KS_2017.csv,200,2585,1,83794.0,1129926.0
2026-05-06,KS,2018,https://data.bls.gov/cew/data/api/2018/a/area/20000.csv,data/bls_qcew/raw/qcew_KS_2018.csv,200,2597,1,83788.0,1139242.0
2026-05-06,KS,2019,https://data.bls.gov/cew/data/api/2019/a/area/20000.csv,data/bls_qcew/raw/qcew_KS_2019.csv,200,2579,1,82580.0,1147159.0
2026-05-06,KS,2020,https://data.bls.gov/cew/data/api/2020/a/area/20000.csv,data/bls_qcew/raw/qcew_KS_2020.csv,200,2593,1,82704.0,1091219.0
2026-05-06,KS,2021,https://data.bls.gov/cew/data/api/2021/a/area/20000.csv,data/bls_qcew/raw/qcew_KS_2021.csv,200,2591,1,85261.0,1114826.0
2026-05-06,KS,2022,https://data.bls.gov/cew/data/api/2022/a/area/20000.csv,data/bls_qcew/raw/qcew_KS_2022.csv,200,2559,1,88348.0,1151446.0
2026-05-06,KS,2023,https://data.bls.gov/cew/data/api/2023/a/area/20000.csv,data/bls_qcew/raw/qcew_KS_2023.csv,200,2556,1,91548.0,1174143.0
2026-05-06,KS,2024,https://data.bls.gov/cew/data/api/2024/a/area/20000.csv,data/bls_qcew/raw/qcew_KS_2024.csv,200,2554,1,94959.0,1182582.0
2026-05-06,KY,2017,https://data.bls.gov/cew/data/api/2017/a/area/21000.csv,data/bls_qcew/raw/qcew_KY_2017.csv,200,2707,1,115652.0,1580021.0
2026-05-06,KY,2018,https://data.bls.gov/cew/data/api/2018/a/area/21000.csv,data/bls_qcew/raw/qcew_KY_2018.csv,200,2736,1,116519.0,1592256.0
2026-05-06,KY,2019,https://data.bls.gov/cew/data/api/2019/a/area/21000.csv,data/bls_qcew/raw/qcew_KY_2019.csv,200,2742,1,117176.0,1606510.0
2026-05-06,KY,2020,https://data.bls.gov/cew/data/api/2020/a/area/21000.csv,data/bls_qcew/raw/qcew_KY_2020.csv,200,2755,1,121622.0,1511919.0
2026-05-06,KY,2021,https://data.bls.gov/cew/data/api/2021/a/area/21000.csv,data/bls_qcew/raw/qcew_KY_2021.csv,200,2767,1,128238.0,1580042.0
2026-05-06,KY,2022,https://data.bls.gov/cew/data/api/2022/a/area/21000.csv,data/bls_qcew/raw/qcew_KY_2022.csv,200,2716,1,137021.0,1640191.0
2026-05-06,KY,2023,https://data.bls.gov/cew/data/api/2023/a/area/21000.csv,data/bls_qcew/raw/qcew_KY_2023.csv,200,2731,1,146057.0,1680021.0
2026-05-06,KY,2024,https://data.bls.gov/cew/data/api/2024/a/area/21000.csv,data/bls_qcew/raw/qcew_KY_2024.csv,200,2724,1,152232.0,1693939.0
2026-05-06,LA,2017,https://data.bls.gov/cew/data/api/2017/a/area/22000.csv,data/bls_qcew/raw/qcew_LA_2017.csv,200,2977,1,124638.0,1598324.0
2026-05-06,LA,2018,https://data.bls.gov/cew/data/api/2018/a/area/22000.csv,data/bls_qcew/raw/qcew_LA_2018.csv,200,2962,1,126194.0,1612079.0
2026-05-06,LA,2019,https://data.bls.gov/cew/data/api/2019/a/area/22000.csv,data/bls_qcew/raw/qcew_LA_2019.csv,200,2969,1,128870.0,1612743.0
2026-05-06,LA,2020,https://data.bls.gov/cew/data/api/2020/a/area/22000.csv,data/bls_qcew/raw/qcew_LA_2020.csv,200,2966,1,132434.0,1479871.0
2026-05-06,LA,2021,https://data.bls.gov/cew/data/api/2021/a/area/22000.csv,data/bls_qcew/raw/qcew_LA_2021.csv,200,2946,1,137287.0,1520908.0
2026-05-06,LA,2022,https://data.bls.gov/cew/data/api/2022/a/area/22000.csv,data/bls_qcew/raw/qcew_LA_2022.csv,200,2897,1,143196.0,1571606.0
2026-05-06,LA,2023,https://data.bls.gov/cew/data/api/2023/a/area/22000.csv,data/bls_qcew/raw/qcew_LA_2023.csv,200,2912,1,148103.0,1594324.0
2026-05-06,LA,2024,https://data.bls.gov/cew/data/api/2024/a/area/22000.csv,data/bls_qcew/raw/qcew_LA_2024.csv,200,2921,1,149265.0,1615842.0
2026-05-06,MA,2017,https://data.bls.gov/cew/data/api/2017/a/area/25000.csv,data/bls_qcew/raw/qcew_MA_2017.csv,200,2755,1,245399.0,3115338.0
2026-05-06,MA,2018,https://data.bls.gov/cew/data/api/2018/a/area/25000.csv,data/bls_qcew/raw/qcew_MA_2018.csv,200,2739,1,249913.0,3156298.0
2026-05-06,MA,2019,https://data.bls.gov/cew/data/api/2019/a/area/25000.csv,data/bls_qcew/raw/qcew_MA_2019.csv,200,2749,1,253655.0,3204634.0
2026-05-06,MA,2020,https://data.bls.gov/cew/data/api/2020/a/area/25000.csv,data/bls_qcew/raw/qcew_MA_2020.csv,200,2752,1,255460.0,2907984.0
2026-05-06,MA,2021,https://data.bls.gov/cew/data/api/2021/a/area/25000.csv,data/bls_qcew/raw/qcew_MA_2021.csv,200,2758,1,269214.0,3039122.0
2026-05-06,MA,2022,https://data.bls.gov/cew/data/api/2022/a/area/25000.csv,data/bls_qcew/raw/qcew_MA_2022.csv,200,2701,1,282469.0,3168350.0
2026-05-06,MA,2023,https://data.bls.gov/cew/data/api/2023/a/area/25000.csv,data/bls_qcew/raw/qcew_MA_2023.csv,200,2713,1,284573.0,3200846.0
2026-05-06,MA,2024,https://data.bls.gov/cew/data/api/2024/a/area/25000.csv,data/bls_qcew/raw/qcew_MA_2024.csv,200,2714,1,276202.0,3198628.0
2026-05-06,MD,2017,https://data.bls.gov/cew/data/api/2017/a/area/24000.csv,data/bls_qcew/raw/qcew_MD_2017.csv,200,2631,1,168653.0,2167072.0
2026-05-06,MD,2018,https://data.bls.gov/cew/data/api/2018/a/area/24000.csv,data/bls_qcew/raw/qcew_MD_2018.csv,200,2651,1,169835.0,2188298.0
2026-05-06,MD,2019,https://data.bls.gov/cew/data/api/2019/a/area/24000.csv,data/bls_qcew/raw/qcew_MD_2019.csv,200,2650,1,172619.0,2207512.0
2026-05-06,MD,2020,https://data.bls.gov/cew/data/api/2020/a/area/24000.csv,data/bls_qcew/raw/qcew_MD_2020.csv,200,2672,1,171263.0,2031687.0
2026-05-06,MD,2021,https://data.bls.gov/cew/data/api/2021/a/area/24000.csv,data/bls_qcew/raw/qcew_MD_2021.csv,200,2702,1,173076.0,2099419.0
2026-05-06,MD,2022,https://data.bls.gov/cew/data/api/2022/a/area/24000.csv,data/bls_qcew/raw/qcew_MD_2022.csv,200,2695,1,185715.0,2156462.0
2026-05-06,MD,2023,https://data.bls.gov/cew/data/api/2023/a/area/24000.csv,data/bls_qcew/raw/qcew_MD_2023.csv,200,2758,1,186364.0,2191362.0
2026-05-06,MD,2024,https://data.bls.gov/cew/data/api/2024/a/area/24000.csv,data/bls_qcew/raw/qcew_MD_2024.csv,200,2752,1,192176.0,2238248.0
2026-05-06,ME,2017,https://data.bls.gov/cew/data/api/2017/a/area/23000.csv,data/bls_qcew/raw/qcew_ME_2017.csv,200,2368,1,50873.0,513363.0
2026-05-06,ME,2018,https://data.bls.gov/cew/data/api/2018/a/area/23000.csv,data/bls_qcew/raw/qcew_ME_2018.csv,200,2365,1,49812.0,518990.0
2026-05-06,ME,2019,https://data.bls.gov/cew/data/api/2019/a/area/23000.csv,data/bls_qcew/raw/qcew_ME_2019.csv,200,2387,1,50458.0,524449.0
2026-05-06,ME,2020,https://data.bls.gov/cew/data/api/2020/a/area/23000.csv,data/bls_qcew/raw/qcew_ME_2020.csv,200,2392,1,51243.0,489372.0
2026-05-06,ME,2021,https://data.bls.gov/cew/data/api/2021/a/area/23000.csv,data/bls_qcew/raw/qcew_ME_2021.csv,200,2404,1,55055.0,515127.0
2026-05-06,ME,2022,https://data.bls.gov/cew/data/api/2022/a/area/23000.csv,data/bls_qcew/raw/qcew_ME_2022.csv,200,2357,1,58994.0,530043.0
2026-05-06,ME,2023,https://data.bls.gov/cew/data/api/2023/a/area/23000.csv,data/bls_qcew/raw/qcew_ME_2023.csv,200,2362,1,60972.0,540991.0
2026-05-06,ME,2024,https://data.bls.gov/cew/data/api/2024/a/area/23000.csv,data/bls_qcew/raw/qcew_ME_2024.csv,200,2385,1,62343.0,548061.0
2026-05-06,MI,2017,https://data.bls.gov/cew/data/api/2017/a/area/26000.csv,data/bls_qcew/raw/qcew_MI_2017.csv,200,2771,1,237389.0,3734432.0
2026-05-06,MI,2018,https://data.bls.gov/cew/data/api/2018/a/area/26000.csv,data/bls_qcew/raw/qcew_MI_2018.csv,200,2764,1,240953.0,3776481.0
2026-05-06,MI,2019,https://data.bls.gov/cew/data/api/2019/a/area/26000.csv,data/bls_qcew/raw/qcew_MI_2019.csv,200,2795,1,253967.0,3790764.0
2026-05-06,MI,2020,https://data.bls.gov/cew/data/api/2020/a/area/26000.csv,data/bls_qcew/raw/qcew_MI_2020.csv,200,2795,1,259470.0,3426882.0
2026-05-06,MI,2021,https://data.bls.gov/cew/data/api/2021/a/area/26000.csv,data/bls_qcew/raw/qcew_MI_2021.csv,200,2802,1,264942.0,3594670.0
2026-05-06,MI,2022,https://data.bls.gov/cew/data/api/2022/a/area/26000.csv,data/bls_qcew/raw/qcew_MI_2022.csv,200,2738,1,287758.0,3749727.0
2026-05-06,MI,2023,https://data.bls.gov/cew/data/api/2023/a/area/26000.csv,data/bls_qcew/raw/qcew_MI_2023.csv,200,2749,1,315870.0,3815843.0
2026-05-06,MI,2024,https://data.bls.gov/cew/data/api/2024/a/area/26000.csv,data/bls_qcew/raw/qcew_MI_2024.csv,200,2742,1,292907.0,3824885.0
2026-05-06,MN,2017,https://data.bls.gov/cew/data/api/2017/a/area/27000.csv,data/bls_qcew/raw/qcew_MN_2017.csv,200,2789,1,160983.0,2473604.0
2026-05-06,MN,2018,https://data.bls.gov/cew/data/api/2018/a/area/27000.csv,data/bls_qcew/raw/qcew_MN_2018.csv,200,2792,1,168785.0,2498328.0
2026-05-06,MN,2019,https://data.bls.gov/cew/data/api/2019/a/area/27000.csv,data/bls_qcew/raw/qcew_MN_2019.csv,200,2798,1,171592.0,2516107.0
2026-05-06,MN,2020,https://data.bls.gov/cew/data/api/2020/a/area/27000.csv,data/bls_qcew/raw/qcew_MN_2020.csv,200,2790,1,175163.0,2339149.0
2026-05-06,MN,2021,https://data.bls.gov/cew/data/api/2021/a/area/27000.csv,data/bls_qcew/raw/qcew_MN_2021.csv,200,2808,1,178933.0,2410401.0
2026-05-06,MN,2022,https://data.bls.gov/cew/data/api/2022/a/area/27000.csv,data/bls_qcew/raw/qcew_MN_2022.csv,200,2744,1,193074.0,2483988.0
2026-05-06,MN,2023,https://data.bls.gov/cew/data/api/2023/a/area/27000.csv,data/bls_qcew/raw/qcew_MN_2023.csv,200,2744,1,201471.0,2525724.0
2026-05-06,MN,2024,https://data.bls.gov/cew/data/api/2024/a/area/27000.csv,data/bls_qcew/raw/qcew_MN_2024.csv,200,2747,1,205850.0,2541147.0
2026-05-06,MO,2017,https://data.bls.gov/cew/data/api/2017/a/area/29000.csv,data/bls_qcew/raw/qcew_MO_2017.csv,200,2895,1,195618.0,2366305.0
2026-05-06,MO,2018,https://data.bls.gov/cew/data/api/2018/a/area/29000.csv,data/bls_qcew/raw/qcew_MO_2018.csv,200,2905,1,191036.0,2381261.0
2026-05-06,MO,2019,https://data.bls.gov/cew/data/api/2019/a/area/29000.csv,data/bls_qcew/raw/qcew_MO_2019.csv,200,2904,1,199367.0,2399573.0
2026-05-06,MO,2020,https://data.bls.gov/cew/data/api/2020/a/area/29000.csv,data/bls_qcew/raw/qcew_MO_2020.csv,200,2908,1,207760.0,2274758.0
2026-05-06,MO,2021,https://data.bls.gov/cew/data/api/2021/a/area/29000.csv,data/bls_qcew/raw/qcew_MO_2021.csv,200,2918,1,210658.0,2343799.0
2026-05-06,MO,2022,https://data.bls.gov/cew/data/api/2022/a/area/29000.csv,data/bls_qcew/raw/qcew_MO_2022.csv,200,2871,1,224172.0,2424908.0
2026-05-06,MO,2023,https://data.bls.gov/cew/data/api/2023/a/area/29000.csv,data/bls_qcew/raw/qcew_MO_2023.csv,200,2871,1,237209.0,2470993.0
2026-05-06,MO,2024,https://data.bls.gov/cew/data/api/2024/a/area/29000.csv,data/bls_qcew/raw/qcew_MO_2024.csv,200,2870,1,233602.0,2482938.0
2026-05-06,MS,2017,https://data.bls.gov/cew/data/api/2017/a/area/28000.csv,data/bls_qcew/raw/qcew_MS_2017.csv,200,2702,1,69163.0,894142.0
2026-05-06,MS,2018,https://data.bls.gov/cew/data/api/2018/a/area/28000.csv,data/bls_qcew/raw/qcew_MS_2018.csv,200,2701,1,69895.0,897893.0
2026-05-06,MS,2019,https://data.bls.gov/cew/data/api/2019/a/area/28000.csv,data/bls_qcew/raw/qcew_MS_2019.csv,200,2685,1,69812.0,901829.0
2026-05-06,MS,2020,https://data.bls.gov/cew/data/api/2020/a/area/28000.csv,data/bls_qcew/raw/qcew_MS_2020.csv,200,2688,1,70473.0,860833.0
2026-05-06,MS,2021,https://data.bls.gov/cew/data/api/2021/a/area/28000.csv,data/bls_qcew/raw/qcew_MS_2021.csv,200,2698,1,72415.0,890583.0
2026-05-06,MS,2022,https://data.bls.gov/cew/data/api/2022/a/area/28000.csv,data/bls_qcew/raw/qcew_MS_2022.csv,200,2660,1,77261.0,919857.0
2026-05-06,MS,2023,https://data.bls.gov/cew/data/api/2023/a/area/28000.csv,data/bls_qcew/raw/qcew_MS_2023.csv,200,2702,1,82654.0,932127.0
2026-05-06,MS,2024,https://data.bls.gov/cew/data/api/2024/a/area/28000.csv,data/bls_qcew/raw/qcew_MS_2024.csv,200,2687,1,85365.0,936506.0
2026-05-06,MT,2017,https://data.bls.gov/cew/data/api/2017/a/area/30000.csv,data/bls_qcew/raw/qcew_MT_2017.csv,200,2487,1,46568.0,375506.0
2026-05-06,MT,2018,https://data.bls.gov/cew/data/api/2018/a/area/30000.csv,data/bls_qcew/raw/qcew_MT_2018.csv,200,2494,1,47900.0,381664.0
2026-05-06,MT,2019,https://data.bls.gov/cew/data/api/2019/a/area/30000.csv,data/bls_qcew/raw/qcew_MT_2019.csv,200,2484,1,47906.0,386894.0
2026-05-06,MT,2020,https://data.bls.gov/cew/data/api/2020/a/area/30000.csv,data/bls_qcew/raw/qcew_MT_2020.csv,200,2515,1,50347.0,374233.0
2026-05-06,MT,2021,https://data.bls.gov/cew/data/api/2021/a/area/30000.csv,data/bls_qcew/raw/qcew_MT_2021.csv,200,2512,1,52928.0,395464.0
2026-05-06,MT,2022,https://data.bls.gov/cew/data/api/2022/a/area/30000.csv,data/bls_qcew/raw/qcew_MT_2022.csv,200,2465,1,57863.0,413058.0
2026-05-06,MT,2023,https://data.bls.gov/cew/data/api/2023/a/area/30000.csv,data/bls_qcew/raw/qcew_MT_2023.csv,200,2477,1,63578.0,421886.0
2026-05-06,MT,2024,https://data.bls.gov/cew/data/api/2024/a/area/30000.csv,data/bls_qcew/raw/qcew_MT_2024.csv,200,2491,1,61654.0,426650.0
2026-05-06,NC,2017,https://data.bls.gov/cew/data/api/2017/a/area/37000.csv,data/bls_qcew/raw/qcew_NC_2017.csv,200,2717,1,265389.0,3633435.0
2026-05-06,NC,2018,https://data.bls.gov/cew/data/api/2018/a/area/37000.csv,data/bls_qcew/raw/qcew_NC_2018.csv,200,2740,1,270234.0,3710090.0
2026-05-06,NC,2019,https://data.bls.gov/cew/data/api/2019/a/area/37000.csv,data/bls_qcew/raw/qcew_NC_2019.csv,200,2740,1,278786.0,3793234.0
2026-05-06,NC,2020,https://data.bls.gov/cew/data/api/2020/a/area/37000.csv,data/bls_qcew/raw/qcew_NC_2020.csv,200,2751,1,290448.0,3632182.0
2026-05-06,NC,2021,https://data.bls.gov/cew/data/api/2021/a/area/37000.csv,data/bls_qcew/raw/qcew_NC_2021.csv,200,2710,1,307240.0,3828857.0
2026-05-06,NC,2022,https://data.bls.gov/cew/data/api/2022/a/area/37000.csv,data/bls_qcew/raw/qcew_NC_2022.csv,200,2678,1,339053.0,4018296.0
2026-05-06,NC,2023,https://data.bls.gov/cew/data/api/2023/a/area/37000.csv,data/bls_qcew/raw/qcew_NC_2023.csv,200,2705,1,366799.0,4133598.0
2026-05-06,NC,2024,https://data.bls.gov/cew/data/api/2024/a/area/37000.csv,data/bls_qcew/raw/qcew_NC_2024.csv,200,2751,1,368542.0,4184582.0
2026-05-06,ND,2017,https://data.bls.gov/cew/data/api/2017/a/area/38000.csv,data/bls_qcew/raw/qcew_ND_2017.csv,200,2330,1,29849.0,343190.0
2026-05-06,ND,2018,https://data.bls.gov/cew/data/api/2018/a/area/38000.csv,data/bls_qcew/raw/qcew_ND_2018.csv,200,2327,1,29879.0,346756.0
2026-05-06,ND,2019,https://data.bls.gov/cew/data/api/2019/a/area/38000.csv,data/bls_qcew/raw/qcew_ND_2019.csv,200,2344,1,29844.0,351482.0
2026-05-06,ND,2020,https://data.bls.gov/cew/data/api/2020/a/area/38000.csv,data/bls_qcew/raw/qcew_ND_2020.csv,200,2343,1,30337.0,326357.0
2026-05-06,ND,2021,https://data.bls.gov/cew/data/api/2021/a/area/38000.csv,data/bls_qcew/raw/qcew_ND_2021.csv,200,2372,1,30763.0,329050.0
2026-05-06,ND,2022,https://data.bls.gov/cew/data/api/2022/a/area/38000.csv,data/bls_qcew/raw/qcew_ND_2022.csv,200,2336,1,32060.0,339203.0
2026-05-06,ND,2023,https://data.bls.gov/cew/data/api/2023/a/area/38000.csv,data/bls_qcew/raw/qcew_ND_2023.csv,200,2363,1,33394.0,348290.0
2026-05-06,ND,2024,https://data.bls.gov/cew/data/api/2024/a/area/38000.csv,data/bls_qcew/raw/qcew_ND_2024.csv,200,2370,1,34330.0,354071.0
2026-05-06,NE,2017,https://data.bls.gov/cew/data/api/2017/a/area/31000.csv,data/bls_qcew/raw/qcew_NE_2017.csv,200,2495,1,68649.0,811496.0
2026-05-06,NE,2018,https://data.bls.gov/cew/data/api/2018/a/area/31000.csv,data/bls_qcew/raw/qcew_NE_2018.csv,200,2505,1,67975.0,816876.0
2026-05-06,NE,2019,https://data.bls.gov/cew/data/api/2019/a/area/31000.csv,data/bls_qcew/raw/qcew_NE_2019.csv,200,2497,1,67729.0,821384.0
2026-05-06,NE,2020,https://data.bls.gov/cew/data/api/2020/a/area/31000.csv,data/bls_qcew/raw/qcew_NE_2020.csv,200,2501,1,66721.0,790415.0
2026-05-06,NE,2021,https://data.bls.gov/cew/data/api/2021/a/area/31000.csv,data/bls_qcew/raw/qcew_NE_2021.csv,200,2493,1,71482.0,806993.0
2026-05-06,NE,2022,https://data.bls.gov/cew/data/api/2022/a/area/31000.csv,data/bls_qcew/raw/qcew_NE_2022.csv,200,2515,1,73799.0,824945.0
2026-05-06,NE,2023,https://data.bls.gov/cew/data/api/2023/a/area/31000.csv,data/bls_qcew/raw/qcew_NE_2023.csv,200,2513,1,73402.0,845599.0
2026-05-06,NE,2024,https://data.bls.gov/cew/data/api/2024/a/area/31000.csv,data/bls_qcew/raw/qcew_NE_2024.csv,200,2471,1,73388.0,853147.0
2026-05-06,NH,2017,https://data.bls.gov/cew/data/api/2017/a/area/33000.csv,data/bls_qcew/raw/qcew_NH_2017.csv,200,2361,1,49348.0,569014.0
2026-05-06,NH,2018,https://data.bls.gov/cew/data/api/2018/a/area/33000.csv,data/bls_qcew/raw/qcew_NH_2018.csv,200,2356,1,50054.0,574083.0
2026-05-06,NH,2019,https://data.bls.gov/cew/data/api/2019/a/area/33000.csv,data/bls_qcew/raw/qcew_NH_2019.csv,200,2354,1,51110.0,580340.0
2026-05-06,NH,2020,https://data.bls.gov/cew/data/api/2020/a/area/33000.csv,data/bls_qcew/raw/qcew_NH_2020.csv,200,2373,1,52709.0,542934.0
2026-05-06,NH,2021,https://data.bls.gov/cew/data/api/2021/a/area/33000.csv,data/bls_qcew/raw/qcew_NH_2021.csv,200,2387,1,56083.0,567902.0
2026-05-06,NH,2022,https://data.bls.gov/cew/data/api/2022/a/area/33000.csv,data/bls_qcew/raw/qcew_NH_2022.csv,200,2338,1,59864.0,589213.0
2026-05-06,NH,2023,https://data.bls.gov/cew/data/api/2023/a/area/33000.csv,data/bls_qcew/raw/qcew_NH_2023.csv,200,2347,1,62555.0,600374.0
2026-05-06,NH,2024,https://data.bls.gov/cew/data/api/2024/a/area/33000.csv,data/bls_qcew/raw/qcew_NH_2024.csv,200,2323,1,64226.0,604412.0
2026-05-06,NJ,2017,https://data.bls.gov/cew/data/api/2017/a/area/34000.csv,data/bls_qcew/raw/qcew_NJ_2017.csv,200,2832,1,259703.0,3435139.0
2026-05-06,NJ,2018,https://data.bls.gov/cew/data/api/2018/a/area/34000.csv,data/bls_qcew/raw/qcew_NJ_2018.csv,200,2817,1,263159.0,3472611.0
2026-05-06,NJ,2019,https://data.bls.gov/cew/data/api/2019/a/area/34000.csv,data/bls_qcew/raw/qcew_NJ_2019.csv,200,2819,1,271550.0,3510701.0
2026-05-06,NJ,2020,https://data.bls.gov/cew/data/api/2020/a/area/34000.csv,data/bls_qcew/raw/qcew_NJ_2020.csv,200,2809,1,277684.0,3205532.0
2026-05-06,NJ,2021,https://data.bls.gov/cew/data/api/2021/a/area/34000.csv,data/bls_qcew/raw/qcew_NJ_2021.csv,200,2810,1,291231.0,3384067.0
2026-05-06,NJ,2022,https://data.bls.gov/cew/data/api/2022/a/area/34000.csv,data/bls_qcew/raw/qcew_NJ_2022.csv,200,2749,1,307423.0,3581671.0
2026-05-06,NJ,2023,https://data.bls.gov/cew/data/api/2023/a/area/34000.csv,data/bls_qcew/raw/qcew_NJ_2023.csv,200,2734,1,313888.0,3648355.0
2026-05-06,NJ,2024,https://data.bls.gov/cew/data/api/2024/a/area/34000.csv,data/bls_qcew/raw/qcew_NJ_2024.csv,200,2722,1,320477.0,3678973.0
2026-05-06,NM,2017,https://data.bls.gov/cew/data/api/2017/a/area/35000.csv,data/bls_qcew/raw/qcew_NM_2017.csv,200,2722,1,53995.0,633035.0
2026-05-06,NM,2018,https://data.bls.gov/cew/data/api/2018/a/area/35000.csv,data/bls_qcew/raw/qcew_NM_2018.csv,200,2723,1,56219.0,645435.0
2026-05-06,NM,2019,https://data.bls.gov/cew/data/api/2019/a/area/35000.csv,data/bls_qcew/raw/qcew_NM_2019.csv,200,2739,1,58802.0,658241.0
2026-05-06,NM,2020,https://data.bls.gov/cew/data/api/2020/a/area/35000.csv,data/bls_qcew/raw/qcew_NM_2020.csv,200,2755,1,59515.0,609323.0
2026-05-06,NM,2021,https://data.bls.gov/cew/data/api/2021/a/area/35000.csv,data/bls_qcew/raw/qcew_NM_2021.csv,200,2760,1,60595.0,627202.0
2026-05-06,NM,2022,https://data.bls.gov/cew/data/api/2022/a/area/35000.csv,data/bls_qcew/raw/qcew_NM_2022.csv,200,2708,1,63668.0,660670.0
2026-05-06,NM,2023,https://data.bls.gov/cew/data/api/2023/a/area/35000.csv,data/bls_qcew/raw/qcew_NM_2023.csv,200,2692,1,63375.0,678698.0
2026-05-06,NM,2024,https://data.bls.gov/cew/data/api/2024/a/area/35000.csv,data/bls_qcew/raw/qcew_NM_2024.csv,200,2654,1,64556.0,686080.0
2026-05-06,NV,2017,https://data.bls.gov/cew/data/api/2017/a/area/32000.csv,data/bls_qcew/raw/qcew_NV_2017.csv,200,2490,1,78292.0,1170769.0
2026-05-06,NV,2018,https://data.bls.gov/cew/data/api/2018/a/area/32000.csv,data/bls_qcew/raw/qcew_NV_2018.csv,200,2497,1,79623.0,1216080.0
2026-05-06,NV,2019,https://data.bls.gov/cew/data/api/2019/a/area/32000.csv,data/bls_qcew/raw/qcew_NV_2019.csv,200,2477,1,81288.0,1250092.0
2026-05-06,NV,2020,https://data.bls.gov/cew/data/api/2020/a/area/32000.csv,data/bls_qcew/raw/qcew_NV_2020.csv,200,2492,1,85432.0,1111600.0
2026-05-06,NV,2021,https://data.bls.gov/cew/data/api/2021/a/area/32000.csv,data/bls_qcew/raw/qcew_NV_2021.csv,200,2507,1,92648.0,1204467.0
2026-05-06,NV,2022,https://data.bls.gov/cew/data/api/2022/a/area/32000.csv,data/bls_qcew/raw/qcew_NV_2022.csv,200,2486,1,103366.0,1315007.0
2026-05-06,NV,2023,https://data.bls.gov/cew/data/api/2023/a/area/32000.csv,data/bls_qcew/raw/qcew_NV_2023.csv,200,2496,1,107259.0,1354689.0
2026-05-06,NV,2024,https://data.bls.gov/cew/data/api/2024/a/area/32000.csv,data/bls_qcew/raw/qcew_NV_2024.csv,200,2519,1,106439.0,1377101.0
2026-05-06,NY,2017,https://data.bls.gov/cew/data/api/2017/a/area/36000.csv,data/bls_qcew/raw/qcew_NY_2017.csv,200,2873,1,623308.0,7899798.0
2026-05-06,NY,2018,https://data.bls.gov/cew/data/api/2018/a/area/36000.csv,data/bls_qcew/raw/qcew_NY_2018.csv,200,2867,1,622828.0,8017398.0
2026-05-06,NY,2019,https://data.bls.gov/cew/data/api/2019/a/area/36000.csv,data/bls_qcew/raw/qcew_NY_2019.csv,200,2876,1,626961.0,8121568.0
2026-05-06,NY,2020,https://data.bls.gov/cew/data/api/2020/a/area/36000.csv,data/bls_qcew/raw/qcew_NY_2020.csv,200,2861,1,635538.0,7207032.0
2026-05-06,NY,2021,https://data.bls.gov/cew/data/api/2021/a/area/36000.csv,data/bls_qcew/raw/qcew_NY_2021.csv,200,2873,1,645433.0,7460879.0
2026-05-06,NY,2022,https://data.bls.gov/cew/data/api/2022/a/area/36000.csv,data/bls_qcew/raw/qcew_NY_2022.csv,200,2782,1,669545.0,7908130.0
2026-05-06,NY,2023,https://data.bls.gov/cew/data/api/2023/a/area/36000.csv,data/bls_qcew/raw/qcew_NY_2023.csv,200,2778,1,681708.0,8097039.0
2026-05-06,NY,2024,https://data.bls.gov/cew/data/api/2024/a/area/36000.csv,data/bls_qcew/raw/qcew_NY_2024.csv,200,2780,1,691628.0,8303012.0
2026-05-06,OH,2017,https://data.bls.gov/cew/data/api/2017/a/area/39000.csv,data/bls_qcew/raw/qcew_OH_2017.csv,200,2897,1,281633.0,4646773.0
2026-05-06,OH,2018,https://data.bls.gov/cew/data/api/2018/a/area/39000.csv,data/bls_qcew/raw/qcew_OH_2018.csv,200,2892,1,283135.0,4687246.0
2026-05-06,OH,2019,https://data.bls.gov/cew/data/api/2019/a/area/39000.csv,data/bls_qcew/raw/qcew_OH_2019.csv,200,2889,1,287351.0,4711316.0
2026-05-06,OH,2020,https://data.bls.gov/cew/data/api/2020/a/area/39000.csv,data/bls_qcew/raw/qcew_OH_2020.csv,200,2911,1,290789.0,4418269.0
2026-05-06,OH,2021,https://data.bls.gov/cew/data/api/2021/a/area/39000.csv,data/bls_qcew/raw/qcew_OH_2021.csv,200,2921,1,300640.0,4546542.0
2026-05-06,OH,2022,https://data.bls.gov/cew/data/api/2022/a/area/39000.csv,data/bls_qcew/raw/qcew_OH_2022.csv,200,2881,1,313656.0,4684897.0
2026-05-06,OH,2023,https://data.bls.gov/cew/data/api/2023/a/area/39000.csv,data/bls_qcew/raw/qcew_OH_2023.csv,200,2894,1,321911.0,4757108.0
2026-05-06,OH,2024,https://data.bls.gov/cew/data/api/2024/a/area/39000.csv,data/bls_qcew/raw/qcew_OH_2024.csv,200,2899,1,328831.0,4784025.0
2026-05-06,OK,2017,https://data.bls.gov/cew/data/api/2017/a/area/40000.csv,data/bls_qcew/raw/qcew_OK_2017.csv,200,2870,1,104615.0,1260205.0
2026-05-06,OK,2018,https://data.bls.gov/cew/data/api/2018/a/area/40000.csv,data/bls_qcew/raw/qcew_OK_2018.csv,200,2866,1,104889.0,1285704.0
2026-05-06,OK,2019,https://data.bls.gov/cew/data/api/2019/a/area/40000.csv,data/bls_qcew/raw/qcew_OK_2019.csv,200,2874,1,105815.0,1296418.0
2026-05-06,OK,2020,https://data.bls.gov/cew/data/api/2020/a/area/40000.csv,data/bls_qcew/raw/qcew_OK_2020.csv,200,2875,1,106844.0,1230661.0
2026-05-06,OK,2021,https://data.bls.gov/cew/data/api/2021/a/area/40000.csv,data/bls_qcew/raw/qcew_OK_2021.csv,200,2871,1,109957.0,1255233.0
2026-05-06,OK,2022,https://data.bls.gov/cew/data/api/2022/a/area/40000.csv,data/bls_qcew/raw/qcew_OK_2022.csv,200,2786,1,117212.0,1304605.0
2026-05-06,OK,2023,https://data.bls.gov/cew/data/api/2023/a/area/40000.csv,data/bls_qcew/raw/qcew_OK_2023.csv,200,2795,1,123651.0,1342938.0
2026-05-06,OK,2024,https://data.bls.gov/cew/data/api/2024/a/area/40000.csv,data/bls_qcew/raw/qcew_OK_2024.csv,200,2799,1,123123.0,1355649.0
2026-05-06,OR,2017,https://data.bls.gov/cew/data/api/2017/a/area/41000.csv,data/bls_qcew/raw/qcew_OR_2017.csv,200,2857,1,144582.0,1596853.0
2026-05-06,OR,2018,https://data.bls.gov/cew/data/api/2018/a/area/41000.csv,data/bls_qcew/raw/qcew_OR_2018.csv,200,2873,1,149168.0,1648323.0
2026-05-06,OR,2019,https://data.bls.gov/cew/data/api/2019/a/area/41000.csv,data/bls_qcew/raw/qcew_OR_2019.csv,200,2868,1,152892.0,1677647.0
2026-05-06,OR,2020,https://data.bls.gov/cew/data/api/2020/a/area/41000.csv,data/bls_qcew/raw/qcew_OR_2020.csv,200,2885,1,157335.0,1570539.0
2026-05-06,OR,2021,https://data.bls.gov/cew/data/api/2021/a/area/41000.csv,data/bls_qcew/raw/qcew_OR_2021.csv,200,2900,1,165889.0,1613336.0
2026-05-06,OR,2022,https://data.bls.gov/cew/data/api/2022/a/area/41000.csv,data/bls_qcew/raw/qcew_OR_2022.csv,200,2846,1,177635.0,1675632.0
2026-05-06,OR,2023,https://data.bls.gov/cew/data/api/2023/a/area/41000.csv,data/bls_qcew/raw/qcew_OR_2023.csv,200,2864,1,186144.0,1702772.0
2026-05-06,OR,2024,https://data.bls.gov/cew/data/api/2024/a/area/41000.csv,data/bls_qcew/raw/qcew_OR_2024.csv,200,2847,1,180622.0,1701612.0
2026-05-06,PA,2017,https://data.bls.gov/cew/data/api/2017/a/area/42000.csv,data/bls_qcew/raw/qcew_PA_2017.csv,200,2801,1,340718.0,5124456.0
2026-05-06,PA,2018,https://data.bls.gov/cew/data/api/2018/a/area/42000.csv,data/bls_qcew/raw/qcew_PA_2018.csv,200,2793,1,342488.0,5193979.0
2026-05-06,PA,2019,https://data.bls.gov/cew/data/api/2019/a/area/42000.csv,data/bls_qcew/raw/qcew_PA_2019.csv,200,2785,1,345780.0,5249732.0
2026-05-06,PA,2020,https://data.bls.gov/cew/data/api/2020/a/area/42000.csv,data/bls_qcew/raw/qcew_PA_2020.csv,200,2788,1,348195.0,4829417.0
2026-05-06,PA,2021,https://data.bls.gov/cew/data/api/2021/a/area/42000.csv,data/bls_qcew/raw/qcew_PA_2021.csv,200,2766,1,356333.0,4998653.0
2026-05-06,PA,2022,https://data.bls.gov/cew/data/api/2022/a/area/42000.csv,data/bls_qcew/raw/qcew_PA_2022.csv,200,2703,1,371182.0,5210459.0
2026-05-06,PA,2023,https://data.bls.gov/cew/data/api/2023/a/area/42000.csv,data/bls_qcew/raw/qcew_PA_2023.csv,200,2703,1,372887.0,5301444.0
2026-05-06,PA,2024,https://data.bls.gov/cew/data/api/2024/a/area/42000.csv,data/bls_qcew/raw/qcew_PA_2024.csv,200,2702,1,375291.0,5345984.0
2026-05-06,RI,2017,https://data.bls.gov/cew/data/api/2017/a/area/44000.csv,data/bls_qcew/raw/qcew_RI_2017.csv,200,2181,1,36649.0,417997.0
2026-05-06,RI,2018,https://data.bls.gov/cew/data/api/2018/a/area/44000.csv,data/bls_qcew/raw/qcew_RI_2018.csv,200,2184,1,37304.0,421767.0
2026-05-06,RI,2019,https://data.bls.gov/cew/data/api/2019/a/area/44000.csv,data/bls_qcew/raw/qcew_RI_2019.csv,200,2211,1,38149.0,424477.0
2026-05-06,RI,2020,https://data.bls.gov/cew/data/api/2020/a/area/44000.csv,data/bls_qcew/raw/qcew_RI_2020.csv,200,2213,1,39249.0,384927.0
2026-05-06,RI,2021,https://data.bls.gov/cew/data/api/2021/a/area/44000.csv,data/bls_qcew/raw/qcew_RI_2021.csv,200,2233,1,42220.0,404284.0
2026-05-06,RI,2022,https://data.bls.gov/cew/data/api/2022/a/area/44000.csv,data/bls_qcew/raw/qcew_RI_2022.csv,200,2179,1,45438.0,420969.0
2026-05-06,RI,2023,https://data.bls.gov/cew/data/api/2023/a/area/44000.csv,data/bls_qcew/raw/qcew_RI_2023.csv,200,2196,1,47475.0,427171.0
2026-05-06,RI,2024,https://data.bls.gov/cew/data/api/2024/a/area/44000.csv,data/bls_qcew/raw/qcew_RI_2024.csv,200,2190,1,48281.0,433425.0
2026-05-06,SC,2017,https://data.bls.gov/cew/data/api/2017/a/area/45000.csv,data/bls_qcew/raw/qcew_SC_2017.csv,200,2751,1,124941.0,1688066.0
2026-05-06,SC,2018,https://data.bls.gov/cew/data/api/2018/a/area/45000.csv,data/bls_qcew/raw/qcew_SC_2018.csv,200,2754,1,128358.0,1743243.0
2026-05-06,SC,2019,https://data.bls.gov/cew/data/api/2019/a/area/45000.csv,data/bls_qcew/raw/qcew_SC_2019.csv,200,2752,1,136498.0,1774305.0
2026-05-06,SC,2020,https://data.bls.gov/cew/data/api/2020/a/area/45000.csv,data/bls_qcew/raw/qcew_SC_2020.csv,200,2756,1,141701.0,1677040.0
2026-05-06,SC,2021,https://data.bls.gov/cew/data/api/2021/a/area/45000.csv,data/bls_qcew/raw/qcew_SC_2021.csv,200,2757,1,148172.0,1747288.0
2026-05-06,SC,2022,https://data.bls.gov/cew/data/api/2022/a/area/45000.csv,data/bls_qcew/raw/qcew_SC_2022.csv,200,2711,1,162148.0,1833574.0
2026-05-06,SC,2023,https://data.bls.gov/cew/data/api/2023/a/area/45000.csv,data/bls_qcew/raw/qcew_SC_2023.csv,200,2710,1,173406.0,1887022.0
2026-05-06,SC,2024,https://data.bls.gov/cew/data/api/2024/a/area/45000.csv,data/bls_qcew/raw/qcew_SC_2024.csv,200,2715,1,186229.0,1918314.0
2026-05-06,SD,2017,https://data.bls.gov/cew/data/api/2017/a/area/46000.csv,data/bls_qcew/raw/qcew_SD_2017.csv,200,2329,1,30860.0,348925.0
2026-05-06,SD,2018,https://data.bls.gov/cew/data/api/2018/a/area/46000.csv,data/bls_qcew/raw/qcew_SD_2018.csv,200,2326,1,31286.0,352997.0
2026-05-06,SD,2019,https://data.bls.gov/cew/data/api/2019/a/area/46000.csv,data/bls_qcew/raw/qcew_SD_2019.csv,200,2331,1,31774.0,355442.0
2026-05-06,SD,2020,https://data.bls.gov/cew/data/api/2020/a/area/46000.csv,data/bls_qcew/raw/qcew_SD_2020.csv,200,2322,1,32502.0,344581.0
2026-05-06,SD,2021,https://data.bls.gov/cew/data/api/2021/a/area/46000.csv,data/bls_qcew/raw/qcew_SD_2021.csv,200,2355,1,34119.0,356870.0
2026-05-06,SD,2022,https://data.bls.gov/cew/data/api/2022/a/area/46000.csv,data/bls_qcew/raw/qcew_SD_2022.csv,200,2316,1,36373.0,368476.0
2026-05-06,SD,2023,https://data.bls.gov/cew/data/api/2023/a/area/46000.csv,data/bls_qcew/raw/qcew_SD_2023.csv,200,2321,1,37321.0,376993.0
2026-05-06,SD,2024,https://data.bls.gov/cew/data/api/2024/a/area/46000.csv,data/bls_qcew/raw/qcew_SD_2024.csv,200,2314,1,37934.0,381950.0
2026-05-06,TN,2017,https://data.bls.gov/cew/data/api/2017/a/area/47000.csv,data/bls_qcew/raw/qcew_TN_2017.csv,200,2738,1,152583.0,2519935.0
2026-05-06,TN,2018,https://data.bls.gov/cew/data/api/2018/a/area/47000.csv,data/bls_qcew/raw/qcew_TN_2018.csv,200,2745,1,157381.0,2560978.0
2026-05-06,TN,2019,https://data.bls.gov/cew/data/api/2019/a/area/47000.csv,data/bls_qcew/raw/qcew_TN_2019.csv,200,2760,1,161998.0,2614349.0
2026-05-06,TN,2020,https://data.bls.gov/cew/data/api/2020/a/area/47000.csv,data/bls_qcew/raw/qcew_TN_2020.csv,200,2777,1,168073.0,2502249.0
2026-05-06,TN,2021,https://data.bls.gov/cew/data/api/2021/a/area/47000.csv,data/bls_qcew/raw/qcew_TN_2021.csv,200,2779,1,180919.0,2604555.0
2026-05-06,TN,2022,https://data.bls.gov/cew/data/api/2022/a/area/47000.csv,data/bls_qcew/raw/qcew_TN_2022.csv,200,2747,1,197747.0,2741025.0
2026-05-06,TN,2023,https://data.bls.gov/cew/data/api/2023/a/area/47000.csv,data/bls_qcew/raw/qcew_TN_2023.csv,200,2750,1,215424.0,2810600.0
2026-05-06,TN,2024,https://data.bls.gov/cew/data/api/2024/a/area/47000.csv,data/bls_qcew/raw/qcew_TN_2024.csv,200,2779,1,222670.0,2838835.0
2026-05-06,TX,2017,https://data.bls.gov/cew/data/api/2017/a/area/48000.csv,data/bls_qcew/raw/qcew_TX_2017.csv,200,3161,1,660399.0,10151376.0
2026-05-06,TX,2018,https://data.bls.gov/cew/data/api/2018/a/area/48000.csv,data/bls_qcew/raw/qcew_TX_2018.csv,200,3163,1,678492.0,10429485.0
2026-05-06,TX,2019,https://data.bls.gov/cew/data/api/2019/a/area/48000.csv,data/bls_qcew/raw/qcew_TX_2019.csv,200,3165,1,698138.0,10694544.0
2026-05-06,TX,2020,https://data.bls.gov/cew/data/api/2020/a/area/48000.csv,data/bls_qcew/raw/qcew_TX_2020.csv,200,3174,1,720066.0,10184330.0
2026-05-06,TX,2021,https://data.bls.gov/cew/data/api/2021/a/area/48000.csv,data/bls_qcew/raw/qcew_TX_2021.csv,200,3175,1,752347.0,10641008.0
2026-05-06,TX,2022,https://data.bls.gov/cew/data/api/2022/a/area/48000.csv,data/bls_qcew/raw/qcew_TX_2022.csv,200,3105,1,788032.0,11337527.0
2026-05-06,TX,2023,https://data.bls.gov/cew/data/api/2023/a/area/48000.csv,data/bls_qcew/raw/qcew_TX_2023.csv,200,3119,1,814653.0,11729639.0
2026-05-06,TX,2024,https://data.bls.gov/cew/data/api/2024/a/area/48000.csv,data/bls_qcew/raw/qcew_TX_2024.csv,200,3114,1,829105.0,11910861.0
2026-05-06,UT,2017,https://data.bls.gov/cew/data/api/2017/a/area/49000.csv,data/bls_qcew/raw/qcew_UT_2017.csv,200,2717,1,95389.0,1202475.0
2026-05-06,UT,2018,https://data.bls.gov/cew/data/api/2018/a/area/49000.csv,data/bls_qcew/raw/qcew_UT_2018.csv,200,2747,1,99566.0,1247220.0
2026-05-06,UT,2019,https://data.bls.gov/cew/data/api/2019/a/area/49000.csv,data/bls_qcew/raw/qcew_UT_2019.csv,200,2755,1,104054.0,1284151.0
2026-05-06,UT,2020,https://data.bls.gov/cew/data/api/2020/a/area/49000.csv,data/bls_qcew/raw/qcew_UT_2020.csv,200,2749,1,108976.0,1269695.0
2026-05-06,UT,2021,https://data.bls.gov/cew/data/api/2021/a/area/49000.csv,data/bls_qcew/raw/qcew_UT_2021.csv,200,2742,1,117427.0,1344172.0
2026-05-06,UT,2022,https://data.bls.gov/cew/data/api/2022/a/area/49000.csv,data/bls_qcew/raw/qcew_UT_2022.csv,200,2688,1,128186.0,1407806.0
2026-05-06,UT,2023,https://data.bls.gov/cew/data/api/2023/a/area/49000.csv,data/bls_qcew/raw/qcew_UT_2023.csv,200,2687,1,131617.0,1437279.0
2026-05-06,UT,2024,https://data.bls.gov/cew/data/api/2024/a/area/49000.csv,data/bls_qcew/raw/qcew_UT_2024.csv,200,2685,1,135539.0,1451665.0
2026-05-06,VA,2017,https://data.bls.gov/cew/data/api/2017/a/area/51000.csv,data/bls_qcew/raw/qcew_VA_2017.csv,200,2970,1,262446.0,3140917.0
2026-05-06,VA,2018,https://data.bls.gov/cew/data/api/2018/a/area/51000.csv,data/bls_qcew/raw/qcew_VA_2018.csv,200,2971,1,270687.0,3188362.0
2026-05-06,VA,2019,https://data.bls.gov/cew/data/api/2019/a/area/51000.csv,data/bls_qcew/raw/qcew_VA_2019.csv,200,2991,1,272258.0,3227013.0
2026-05-06,VA,2020,https://data.bls.gov/cew/data/api/2020/a/area/51000.csv,data/bls_qcew/raw/qcew_VA_2020.csv,200,2995,1,275070.0,3050133.0
2026-05-06,VA,2021,https://data.bls.gov/cew/data/api/2021/a/area/51000.csv,data/bls_qcew/raw/qcew_VA_2021.csv,200,3028,1,289340.0,3147453.0
2026-05-06,VA,2022,https://data.bls.gov/cew/data/api/2022/a/area/51000.csv,data/bls_qcew/raw/qcew_VA_2022.csv,200,2958,1,319638.0,3258793.0
2026-05-06,VA,2023,https://data.bls.gov/cew/data/api/2023/a/area/51000.csv,data/bls_qcew/raw/qcew_VA_2023.csv,200,2959,1,312152.0,3332239.0
2026-05-06,VA,2024,https://data.bls.gov/cew/data/api/2024/a/area/51000.csv,data/bls_qcew/raw/qcew_VA_2024.csv,200,2968,1,308528.0,3369001.0
2026-05-06,VT,2017,https://data.bls.gov/cew/data/api/2017/a/area/50000.csv,data/bls_qcew/raw/qcew_VT_2017.csv,200,2194,1,24034.0,256446.0
2026-05-06,VT,2018,https://data.bls.gov/cew/data/api/2018/a/area/50000.csv,data/bls_qcew/raw/qcew_VT_2018.csv,200,2203,1,24173.0,257141.0
2026-05-06,VT,2019,https://data.bls.gov/cew/data/api/2019/a/area/50000.csv,data/bls_qcew/raw/qcew_VT_2019.csv,200,2195,1,24523.0,257280.0
2026-05-06,VT,2020,https://data.bls.gov/cew/data/api/2020/a/area/50000.csv,data/bls_qcew/raw/qcew_VT_2020.csv,200,2198,1,24900.0,232551.0
2026-05-06,VT,2021,https://data.bls.gov/cew/data/api/2021/a/area/50000.csv,data/bls_qcew/raw/qcew_VT_2021.csv,200,2212,1,26479.0,241494.0
2026-05-06,VT,2022,https://data.bls.gov/cew/data/api/2022/a/area/50000.csv,data/bls_qcew/raw/qcew_VT_2022.csv,200,2192,1,28549.0,250086.0
2026-05-06,VT,2023,https://data.bls.gov/cew/data/api/2023/a/area/50000.csv,data/bls_qcew/raw/qcew_VT_2023.csv,200,2187,1,29935.0,254464.0
2026-05-06,VT,2024,https://data.bls.gov/cew/data/api/2024/a/area/50000.csv,data/bls_qcew/raw/qcew_VT_2024.csv,200,2183,1,30789.0,255878.0
2026-05-06,WA,2017,https://data.bls.gov/cew/data/api/2017/a/area/53000.csv,data/bls_qcew/raw/qcew_WA_2017.csv,200,2940,1,237316.0,2735142.0
2026-05-06,WA,2018,https://data.bls.gov/cew/data/api/2018/a/area/53000.csv,data/bls_qcew/raw/qcew_WA_2018.csv,200,2964,1,244223.0,2810692.0
2026-05-06,WA,2019,https://data.bls.gov/cew/data/api/2019/a/area/53000.csv,data/bls_qcew/raw/qcew_WA_2019.csv,200,2954,1,248576.0,2871805.0
2026-05-06,WA,2020,https://data.bls.gov/cew/data/api/2020/a/area/53000.csv,data/bls_qcew/raw/qcew_WA_2020.csv,200,2969,1,263926.0,2709844.0
2026-05-06,WA,2021,https://data.bls.gov/cew/data/api/2021/a/area/53000.csv,data/bls_qcew/raw/qcew_WA_2021.csv,200,2979,1,267872.0,2805472.0
2026-05-06,WA,2022,https://data.bls.gov/cew/data/api/2022/a/area/53000.csv,data/bls_qcew/raw/qcew_WA_2022.csv,200,2916,1,252068.0,2955687.0
2026-05-06,WA,2023,https://data.bls.gov/cew/data/api/2023/a/area/53000.csv,data/bls_qcew/raw/qcew_WA_2023.csv,200,2905,1,224177.0,3003089.0
2026-05-06,WA,2024,https://data.bls.gov/cew/data/api/2024/a/area/53000.csv,data/bls_qcew/raw/qcew_WA_2024.csv,200,2896,1,232529.0,3003097.0
2026-05-06,WI,2017,https://data.bls.gov/cew/data/api/2017/a/area/55000.csv,data/bls_qcew/raw/qcew_WI_2017.csv,200,2803,1,164288.0,2473083.0
2026-05-06,WI,2018,https://data.bls.gov/cew/data/api/2018/a/area/55000.csv,data/bls_qcew/raw/qcew_WI_2018.csv,200,2799,1,167652.0,2497801.0
2026-05-06,WI,2019,https://data.bls.gov/cew/data/api/2019/a/area/55000.csv,data/bls_qcew/raw/qcew_WI_2019.csv,200,2796,1,168741.0,2506971.0
2026-05-06,WI,2020,https://data.bls.gov/cew/data/api/2020/a/area/55000.csv,data/bls_qcew/raw/qcew_WI_2020.csv,200,2812,1,170628.0,2365625.0
2026-05-06,WI,2021,https://data.bls.gov/cew/data/api/2021/a/area/55000.csv,data/bls_qcew/raw/qcew_WI_2021.csv,200,2833,1,178272.0,2433229.0
2026-05-06,WI,2022,https://data.bls.gov/cew/data/api/2022/a/area/55000.csv,data/bls_qcew/raw/qcew_WI_2022.csv,200,2727,1,189729.0,2505934.0
2026-05-06,WI,2023,https://data.bls.gov/cew/data/api/2023/a/area/55000.csv,data/bls_qcew/raw/qcew_WI_2023.csv,200,2726,1,191651.0,2545041.0
2026-05-06,WI,2024,https://data.bls.gov/cew/data/api/2024/a/area/55000.csv,data/bls_qcew/raw/qcew_WI_2024.csv,200,2738,1,195879.0,2557800.0
2026-05-06,WV,2017,https://data.bls.gov/cew/data/api/2017/a/area/54000.csv,data/bls_qcew/raw/qcew_WV_2017.csv,200,2349,1,46332.0,547549.0
2026-05-06,WV,2018,https://data.bls.gov/cew/data/api/2018/a/area/54000.csv,data/bls_qcew/raw/qcew_WV_2018.csv,200,2355,1,47091.0,559118.0
2026-05-06,WV,2019,https://data.bls.gov/cew/data/api/2019/a/area/54000.csv,data/bls_qcew/raw/qcew_WV_2019.csv,200,2350,1,46961.0,553809.0
2026-05-06,WV,2020,https://data.bls.gov/cew/data/api/2020/a/area/54000.csv,data/bls_qcew/raw/qcew_WV_2020.csv,200,2374,1,47373.0,509884.0
2026-05-06,WV,2021,https://data.bls.gov/cew/data/api/2021/a/area/54000.csv,data/bls_qcew/raw/qcew_WV_2021.csv,200,2406,1,49486.0,525060.0
2026-05-06,WV,2022,https://data.bls.gov/cew/data/api/2022/a/area/54000.csv,data/bls_qcew/raw/qcew_WV_2022.csv,200,2377,1,51829.0,539694.0
2026-05-06,WV,2023,https://data.bls.gov/cew/data/api/2023/a/area/54000.csv,data/bls_qcew/raw/qcew_WV_2023.csv,200,2390,1,55339.0,551378.0
2026-05-06,WV,2024,https://data.bls.gov/cew/data/api/2024/a/area/54000.csv,data/bls_qcew/raw/qcew_WV_2024.csv,200,2409,1,57789.0,559911.0
2026-05-06,WY,2017,https://data.bls.gov/cew/data/api/2017/a/area/56000.csv,data/bls_qcew/raw/qcew_WY_2017.csv,200,2194,1,24622.0,203816.0
2026-05-06,WY,2018,https://data.bls.gov/cew/data/api/2018/a/area/56000.csv,data/bls_qcew/raw/qcew_WY_2018.csv,200,2187,1,24873.0,207335.0
2026-05-06,WY,2019,https://data.bls.gov/cew/data/api/2019/a/area/56000.csv,data/bls_qcew/raw/qcew_WY_2019.csv,200,2191,1,25256.0,211746.0
2026-05-06,WY,2020,https://data.bls.gov/cew/data/api/2020/a/area/56000.csv,data/bls_qcew/raw/qcew_WY_2020.csv,200,2195,1,25827.0,196823.0
2026-05-06,WY,2021,https://data.bls.gov/cew/data/api/2021/a/area/56000.csv,data/bls_qcew/raw/qcew_WY_2021.csv,200,2231,1,26768.0,201580.0
2026-05-06,WY,2022,https://data.bls.gov/cew/data/api/2022/a/area/56000.csv,data/bls_qcew/raw/qcew_WY_2022.csv,200,2214,1,28130.0,208246.0
2026-05-06,WY,2023,https://data.bls.gov/cew/data/api/2023/a/area/56000.csv,data/bls_qcew/raw/qcew_WY_2023.csv,200,2219,1,28690.0,213529.0
2026-05-06,WY,2024,https://data.bls.gov/cew/data/api/2024/a/area/56000.csv,data/bls_qcew/raw/qcew_WY_2024.csv,200,2221,1,29070.0,214502.0
